Device ID,Data Added,Humidity,API Humidity,Temperature,API Temperature,Heat Index,Soil Moisture,Soil Moisture Raw Value,Soil Temp,Soil_EC Raw,API Wind Speed,API Wind Direction,Signal Strength,API Key,N_For_User,P_For_User,K_For_User,Nitrogen,Phosphorus,Potassium,N_From_Admin,P_From_Admin,K_From_Admin,N_From_EC,P_From_EC,K_From_EC,ETo,ETc,E_D,Salinity,TDS,Battery Voltage,Water Required,PH
170,21-Nov-2024 03:32 pm,50.06,15.00,29.51,30.79,30.35,28.20,28.20,71.20,386,2.85,235.00,24.00,220608001,343.00,141.91,335.57,-5,-5,-5,1,1,0,26.38,70.95,83.47,0,0,0,low,247.04,2.35,Yes,-5.00
170,15-Oct-2024 08:09 am,73.16,29.00,31.01,28.97,38.61,-1.00,-1.00,-1.00,-1,2.86,275.00,21.00,220608001,0.00,9.57,22.62,-5,-5,-5,1,1,0,0.00,4.78,5.63,0,0,0,low,-0.64,2.41,Yes,0.00
170,08-Oct-2024 09:17 am,66.79,25.00,32.99,33.63,42.09,-1.00,-1.00,-1.00,-1,1.80,213.00,24.00,220608001,0.00,9.57,22.62,-5,-5,-5,1,1,0,0.00,4.78,5.63,0,0,0,low,-0.64,2.50,Yes,0.00
170,19-Sep-2024 09:33 am,65.97,22.00,36.29,37.30,52.67,17.50,17.50,71.10,78,1.54,14.00,25.00,220608001,162.10,19.49,46.10,-5,-5,-5,1,1,0,12.47,9.75,11.47,0,0,0,low,49.92,2.52,Yes,0.00
170,13-Sep-2024 08:09 am,81.31,58.00,29.76,29.65,37.29,-1.00,-1.00,-1.00,-1,8.25,211.00,23.00,220608001,0.00,9.57,22.62,-5,-5,-5,1,1,0,0.00,4.78,5.63,0,0,0,low,-0.64,2.53,Yes,0.00
170,13-Sep-2024 08:05 am,81.75,58.00,29.73,29.65,37.32,-1.00,-1.00,-1.00,-1,8.25,211.00,18.00,220608001,0.00,9.57,22.62,-5,-5,-5,1,1,0,0.00,4.78,5.63,0,0,0,low,-0.64,2.53,Yes,0.00
170,13-Sep-2024 07:49 am,83.61,58.00,29.19,29.65,36.13,-1.00,-1.00,-1.00,-1,8.25,211.00,22.00,220608001,0.00,9.57,22.62,-5,-5,-5,1,1,0,0.00,4.78,5.63,0,0,0,low,-0.64,2.52,Yes,0.00
170,12-Sep-2024 10:09 am,68.26,36.00,35.50,36.87,51.16,-1.00,-1.00,-1.00,-1,6.17,235.00,22.00,220608001,0.00,9.57,22.62,-5,-5,-5,1,1,0,0.00,4.78,5.63,0,0,0,low,-0.64,2.53,Yes,0.00
170,28-Aug-2024 11:21 am,87.58,56.00,30.29,32.69,41.00,-1.00,-1.00,-1.00,-1,7.36,57.00,26.00,220608001,0.00,9.57,22.62,-5,-5,-5,1,1,0,0.00,4.78,5.63,0,0,5,low,-0.64,2.68,No,0.00
170,23-Aug-2024 04:36 pm,53.92,29.00,39.36,39.91,55.45,31.94,31.94,-5.00,784,4.02,151.00,-5.00,220608001,930.59,419.14,991.14,4,54,52,1,1,0,71.58,209.57,246.55,0,0,5,low,501.76,-5,No,0.00
170,20-Aug-2024 10:39 am,78.65,59.00,35.74,32.76,58.97,29.50,29.50,71.30,153,6.77,199.00,19.00,220608001,86.85,39.42,93.21,-5,-5,-5,1,1,0,6.68,19.71,23.19,0,0,0,low,97.92,2.88,Yes,0.00
170,15-Aug-2024 10:26 am,74.64,43.00,36.70,37.22,60.37,16.20,16.20,71.70,139,5.63,237.00,23.00,220608001,71.61,30.58,72.30,-5,-5,-5,1,1,0,5.51,15.29,17.99,0,0,0,low,88.96,4.83,Yes,0.00
170,13-Aug-2024 10:28 am,78.68,51.00,36.83,35.07,64.15,17.20,17.20,71.70,144,5.59,230.00,22.00,220608001,77.80,31.25,73.89,-5,-5,-5,1,1,0,5.98,15.62,18.38,0,0,0,low,92.16,4.83,Yes,0.00
170,12-Aug-2024 10:28 am,77.86,51.00,36.08,34.75,59.95,18.20,18.20,71.70,153,3.30,181.00,18.00,220608001,86.85,39.42,93.21,-5,-5,-5,1,1,0,6.68,19.71,23.19,0,0,5,low,97.92,4.86,No,0.00
170,11-Aug-2024 10:24 am,78.83,51.00,35.05,34.61,55.99,21.30,21.30,71.70,228,5.99,194.00,15.00,220608001,167.86,58.38,138.05,-5,-5,-5,1,1,0,12.91,29.19,34.34,0,0,5,low,145.92,4.89,No,0.00
170,10-Aug-2024 10:24 am,82.46,50.00,35.19,35.67,59.11,25.20,25.20,71.70,284,4.23,193.00,15.00,220608001,226.92,81.34,192.35,-5,-5,-5,1,1,0,17.46,40.67,47.85,0,0,5,low,181.76,4.97,No,0.00
170,09-Aug-2024 09:44 am,82.87,51.00,34.15,34.62,54.58,22.80,22.80,71.70,139,4.74,207.00,16.00,220608001,71.61,30.58,72.30,-5,-5,-5,1,1,0,5.51,15.29,17.99,0,0,5,low,88.96,5.09,No,0.00
170,08-Aug-2024 10:26 am,79.09,55.00,35.16,32.92,56.65,26.00,26.00,71.60,135,5.87,192.00,15.00,220608001,69.19,28.32,66.97,-5,-5,-5,1,1,0,5.32,14.16,16.66,0,0,5,low,86.4,5.08,No,0.00
170,07-Aug-2024 11:07 am,81.06,54.00,35.07,34.42,57.58,26.40,26.40,71.60,135,5.81,205.00,17.00,220608001,69.19,28.32,66.97,-5,-5,-5,1,1,0,5.32,14.16,16.66,0,0,0,low,86.4,5.19,Yes,0.00
170,07-Aug-2024 10:25 am,83.12,62.00,33.93,32.41,53.75,26.50,26.50,71.60,139,6.34,208.00,17.00,220608001,71.61,30.58,72.30,-5,-5,-5,1,1,0,5.51,15.29,17.99,0,0,0,low,88.96,5.21,Yes,0.00
170,02-Aug-2024 12:48 pm,81.87,58.00,36.12,33.65,63.19,11.40,11.40,71.90,72,4.46,75.00,22.00,220608001,156.15,26.44,62.53,-5,-5,-5,1,1,0,12.01,13.22,15.55,0,0,0,low,46.08,8.49,Yes,0.00
170,31-Jul-2024 10:21 am,81.06,44.00,37.70,38.34,70.66,11.30,11.30,72.00,70,6.03,212.00,20.00,220608001,152.83,23.37,55.25,-5,-5,-5,1,1,0,11.76,11.68,13.74,0,0,0,low,44.8,8.49,Yes,0.00
170,30-Jul-2024 10:24 am,82.20,37.00,37.97,39.96,73.19,11.20,11.20,72.00,69,4.08,160.00,22.00,220608001,153.14,29.43,69.58,-5,-5,-5,1,1,0,11.78,14.71,17.31,0,0,0,low,44.16,8.49,Yes,0.00
170,29-Jul-2024 10:33 am,71.73,32.00,42.16,41.16,85.23,11.30,11.30,72.30,69,2.02,194.00,24.00,220608001,153.14,29.43,69.58,-5,-5,-5,1,1,0,11.78,14.71,17.31,0,0,0,low,44.16,8.53,Yes,0.00
170,28-Jul-2024 10:45 am,75.54,35.00,38.53,40.26,69.87,11.20,11.20,72.20,67,4.92,202.00,23.00,220608001,149.86,19.43,45.95,-5,-5,-5,1,1,0,11.53,9.72,11.43,0,0,0,low,42.88,8.52,Yes,0.00
170,27-Jul-2024 10:26 am,74.44,40.00,38.33,38.33,67.87,11.20,11.20,72.30,67,6.67,205.00,23.00,220608001,149.86,19.43,45.95,-5,-5,-5,1,1,0,11.53,9.72,11.43,0,0,0,low,42.88,8.52,Yes,0.00
170,26-Jul-2024 10:24 am,72.62,41.00,39.49,38.35,71.93,11.20,11.20,72.20,65,5.99,215.00,24.00,220608001,77.43,22.79,53.89,-5,-5,-5,1,1,0,5.96,11.39,13.40,0,0,0,low,41.6,8.52,Yes,0.00
170,25-Jul-2024 10:56 am,70.67,43.00,38.94,37.23,67.41,11.20,11.20,72.20,65,4.40,192.00,24.00,220608001,77.43,22.79,53.89,-5,-5,-5,1,1,0,5.96,11.39,13.40,0,0,0,low,41.6,8.52,Yes,0.00
170,24-Jul-2024 10:24 am,70.36,46.00,40.65,36.82,75.53,11.10,11.10,72.20,65,6.36,207.00,25.00,220608001,77.43,22.79,53.89,-5,-5,-5,1,1,0,5.96,11.39,13.40,0,0,0,low,41.6,8.52,Yes,0.00
170,23-Jul-2024 10:28 am,75.92,56.00,38.69,34.13,71.04,11.00,11.00,72.20,65,5.86,215.00,24.00,220608001,77.43,22.79,53.89,-5,-5,-5,1,1,0,5.96,11.39,13.40,0,0,0,low,41.6,8.52,Yes,0.00
170,22-Jul-2024 10:39 am,72.87,32.00,39.84,40.27,73.97,11.00,11.00,72.20,65,6.19,224.00,22.00,220608001,77.43,22.79,53.89,-5,-5,-5,1,1,0,5.96,11.39,13.40,0,0,0,low,41.6,8.52,Yes,0.00
170,21-Jul-2024 10:30 am,75.33,30.00,39.07,41.51,72.44,11.00,11.00,72.20,65,3.26,213.00,24.00,220608001,77.43,22.79,53.89,-5,-5,-5,1,1,0,5.96,11.39,13.40,0,0,0,low,41.6,8.51,Yes,0.00
170,20-Jul-2024 10:21 am,70.40,35.00,42.17,39.81,83.67,11.00,11.00,72.30,65,0.38,178.00,26.00,220608001,77.43,22.79,53.89,-5,-5,-5,1,1,0,5.96,11.39,13.40,0,0,0,low,41.6,8.62,Yes,0.00
170,19-Jul-2024 11:58 am,64.39,32.00,41.31,41.30,72.54,11.00,11.00,72.40,65,1.43,216.00,24.00,220608001,77.43,22.79,53.89,-5,-5,-5,1,1,0,5.96,11.39,13.40,0,0,0,low,41.6,8.61,Yes,0.00
170,18-Jul-2024 10:11 am,71.11,46.00,39.39,36.82,69.98,11.00,11.00,72.40,65,3.70,221.00,24.00,220608001,77.43,22.79,53.89,-5,-5,-5,1,1,0,5.96,11.39,13.40,0,0,0,low,41.6,8.61,Yes,0.00
170,17-Jul-2024 10:20 am,68.95,30.00,42.17,41.81,81.94,11.00,11.00,72.20,65,3.48,118.00,25.00,220608001,77.43,22.79,53.89,-5,-5,-5,1,1,0,5.96,11.39,13.40,0,0,0,low,41.6,8.63,Yes,0.00
170,16-Jul-2024 10:19 am,71.33,25.00,40.55,42.31,76.05,11.00,11.00,72.30,65,3.73,75.00,25.00,220608001,77.43,22.79,53.89,-5,-5,-5,1,1,0,5.96,11.39,13.40,0,0,0,low,41.6,8.62,Yes,0.00
170,15-Jul-2024 10:21 am,73.19,31.00,40.05,40.39,75.39,11.00,11.00,72.20,65,1.38,347.00,27.00,220608001,77.43,22.79,53.89,-5,-5,-5,1,1,0,5.96,11.39,13.40,0,0,0,low,41.6,8.63,Yes,0.00
170,14-Jul-2024 10:34 am,78.58,40.00,39.46,38.72,77.85,11.00,11.00,72.10,65,3.90,191.00,27.00,220608001,77.43,22.79,53.89,-5,-5,-5,1,1,0,5.96,11.39,13.40,0,0,0,low,41.6,8.63,Yes,0.00
170,13-Jul-2024 11:24 am,82.99,43.00,36.77,36.73,67.43,11.00,11.00,72.10,65,2.70,161.00,27.00,220608001,77.43,22.79,53.89,-5,-5,-5,1,1,0,5.96,11.39,13.40,0,0,0,low,41.6,8.57,Yes,0.00
170,12-Jul-2024 10:22 am,77.66,39.00,38.15,37.25,69.89,11.00,11.00,72.20,65,9.52,196.00,24.00,220608001,77.43,22.79,53.89,-5,-5,-5,1,1,0,5.96,11.39,13.40,0,0,0,low,41.6,8.74,Yes,0.00
170,11-Jul-2024 10:23 am,71.66,30.00,39.35,40.92,70.31,10.90,10.90,72.30,65,8.28,216.00,27.00,220608001,77.43,22.79,53.89,-5,-5,-5,1,1,0,5.96,11.39,13.40,0,0,0,low,41.6,8.72,Yes,0.00
170,10-Jul-2024 10:15 am,74.54,33.00,40.49,39.34,79.20,10.90,10.90,72.10,63,3.32,213.00,27.00,220608001,147.08,20.19,47.76,-5,-5,-5,1,1,0,11.31,10.10,11.88,0,0,0,low,40.32,8.68,Yes,0.00
170,09-Jul-2024 10:12 am,75.16,33.00,40.27,40.01,78.67,10.90,10.90,72.00,63,1.37,159.00,27.00,220608001,147.08,20.19,47.76,-5,-5,-5,1,1,0,11.31,10.10,11.88,0,0,0,low,40.32,8.68,Yes,0.00
170,07-Jul-2024 11:43 am,82.68,40.00,36.87,38.94,67.69,10.80,10.80,72.00,63,2.74,121.00,29.00,220608001,147.08,20.19,47.76,-5,-5,-5,1,1,0,11.31,10.10,11.88,0,0,0,low,40.32,8.96,Yes,0.00
170,06-Jul-2024 11:01 am,80.83,41.00,37.95,37.67,71.78,10.80,10.80,72.10,63,7.60,197.00,27.00,220608001,147.08,20.19,47.76,-5,-5,-5,1,1,0,11.31,10.10,11.88,0,0,0,low,40.32,9.01,Yes,0.00
170,05-Jul-2024 10:58 am,76.03,33.00,38.66,40.09,70.99,10.90,10.90,72.20,63,7.58,212.00,26.00,220608001,147.08,20.19,47.76,-5,-5,-5,1,1,0,11.31,10.10,11.88,0,0,0,low,40.32,9.01,Yes,0.00
170,04-Jul-2024 10:38 am,76.35,38.00,39.50,39.48,75.74,10.90,10.90,72.20,63,7.21,201.00,27.00,220608001,147.08,20.19,47.76,-5,-5,-5,1,1,0,11.31,10.10,11.88,0,0,0,low,40.32,9.01,Yes,0.00
170,03-Jul-2024 10:16 am,77.57,39.00,37.97,38.57,68.89,11.00,11.00,72.10,63,6.96,208.00,26.00,220608001,147.08,20.19,47.76,-5,-5,-5,1,1,0,11.31,10.10,11.88,0,0,0,low,40.32,8.96,Yes,0.00
170,02-Jul-2024 10:09 am,74.05,40.00,39.63,39.30,74.08,11.10,11.10,72.10,63,6.65,213.00,26.00,220608001,147.08,20.19,47.76,-5,-5,-5,1,1,0,11.31,10.10,11.88,0,0,0,low,40.32,8.95,Yes,0.00
170,01-Jul-2024 10:20 am,77.14,39.00,38.79,39.46,72.74,11.20,11.20,72.00,63,6.23,210.00,26.00,220608001,147.08,20.19,47.76,-5,-5,-5,1,1,0,11.31,10.10,11.88,0,0,0,low,40.32,8.92,Yes,0.00
170,30-Jun-2024 10:12 am,80.27,43.00,38.15,38.63,72.34,11.20,11.20,71.90,63,5.23,210.00,27.00,220608001,147.08,20.19,47.76,-5,-5,-5,1,1,0,11.31,10.10,11.88,0,0,0,low,40.32,8.94,Yes,0.00
170,29-Jun-2024 10:13 am,78.25,41.00,38.59,38.15,72.76,11.20,11.20,71.90,62,6.61,224.00,28.00,220608001,137.25,20.12,47.57,-5,-5,-5,1,1,0,10.56,10.06,11.83,0,0,0,low,39.68,8.94,Yes,0.00
170,28-Jun-2024 10:24 am,76.41,40.00,39.01,38.18,73.19,11.30,11.30,71.90,63,2.80,127.00,28.00,220608001,147.08,20.19,47.76,-5,-5,-5,1,1,0,11.31,10.10,11.88,0,0,0,low,40.32,8.95,Yes,0.00
170,27-Jun-2024 10:30 am,73.54,23.00,41.51,43.49,83.75,11.40,11.40,71.90,63,2.68,102.00,27.00,220608001,147.08,20.19,47.76,-5,-5,-5,1,1,0,11.31,10.10,11.88,0,0,0,low,40.32,8.97,Yes,0.00
170,26-Jun-2024 11:42 am,72.68,17.00,43.30,45.42,93.13,11.60,11.60,71.90,63,2.14,129.00,27.00,220608001,147.08,20.19,47.76,-5,-5,-5,1,1,0,11.31,10.10,11.88,0,0,0,low,40.32,8.97,Yes,0.00
170,26-Jun-2024 07:39 am,74.95,45.00,39.22,36.89,72.84,11.30,11.30,71.80,63,5.95,207.00,28.00,220608001,147.08,20.19,47.76,-5,-5,-5,1,1,0,11.31,10.10,11.88,0,0,0,low,40.32,8.96,Yes,0.00
170,25-Jun-2024 10:03 am,75.22,19.00,43.06,42.56,95.13,11.50,11.50,71.70,63,0.88,111.00,26.00,220608001,147.08,20.19,47.76,-5,-5,-5,1,1,0,11.31,10.10,11.88,0,0,0,low,40.32,8.98,Yes,0.00
170,24-Jun-2024 10:02 am,74.03,18.00,40.73,41.92,79.95,11.50,11.50,71.60,63,2.13,149.00,26.00,220608001,147.08,20.19,47.76,-5,-5,-5,1,1,0,11.31,10.10,11.88,0,0,0,low,40.32,8.97,Yes,0.00
170,23-Jun-2024 10:13 am,74.22,22.00,41.51,40.53,84.56,11.50,11.50,71.50,63,2.32,24.00,27.00,220608001,147.08,20.19,47.76,-5,-5,-5,1,1,0,11.31,10.10,11.88,0,0,0,low,40.32,8.98,Yes,0.00
170,22-Jun-2024 10:19 am,78.39,26.00,39.52,38.76,77.99,11.50,11.50,71.10,63,1.91,165.00,28.00,220608001,147.08,20.19,47.76,-5,-5,-5,1,1,0,11.31,10.10,11.88,0,0,0,low,40.32,8.95,Yes,0.00
170,20-Jun-2024 10:17 am,83.23,38.00,38.05,37.00,74.64,11.70,11.70,71.60,63,6.13,188.00,26.00,220608001,147.08,20.19,47.76,-5,-5,-5,1,1,0,11.31,10.10,11.88,0,0,0,low,40.32,9.14,Yes,0.00
170,19-Jun-2024 10:03 am,84.22,39.00,37.12,37.90,70.39,11.60,11.60,71.40,63,7.38,199.00,14.00,220608001,147.08,20.19,47.76,-5,-5,-5,1,1,0,11.31,10.10,11.88,0,0,0,low,40.32,9.16,Yes,0.00
170,18-Jun-2024 09:59 am,79.90,33.00,37.57,38.05,68.92,11.70,11.70,71.30,63,8.69,215.00,25.00,220608001,147.08,20.19,47.76,-5,-5,-5,1,1,0,11.31,10.10,11.88,0,0,0,low,40.32,9.18,Yes,0.00
170,17-Jun-2024 10:01 am,77.02,30.00,39.43,39.37,76.05,11.70,11.70,71.20,63,7.61,220.00,26.00,220608001,147.08,20.19,47.76,-5,-5,-5,1,1,0,11.31,10.10,11.88,0,0,0,low,40.32,9.15,Yes,0.00
170,16-Jun-2024 09:58 am,81.84,26.00,39.00,41.24,78.67,11.60,11.60,71.10,63,6.04,210.00,26.00,220608001,147.08,20.19,47.76,-5,-5,-5,1,1,0,11.31,10.10,11.88,0,0,0,low,40.32,9.15,Yes,0.00
170,15-Jun-2024 10:01 am,86.49,34.00,37.30,37.29,73.49,11.70,11.70,71.10,65,7.11,200.00,29.00,220608001,77.43,22.79,53.89,-5,-5,-5,1,1,0,5.96,11.39,13.40,0,0,0,low,41.6,9.15,Yes,0.00
170,14-Jun-2024 09:58 am,85.95,28.00,36.84,38.99,70.39,11.80,11.80,71.00,65,7.69,210.00,27.00,220608001,77.43,22.79,53.89,-5,-5,-5,1,1,0,5.96,11.39,13.40,0,0,0,low,41.6,9.15,Yes,0.00
170,13-Jun-2024 09:57 am,82.78,30.00,37.71,38.10,72.31,11.80,11.80,70.90,65,7.94,217.00,27.00,220608001,77.43,22.79,53.89,-5,-5,-5,1,1,0,5.96,11.39,13.40,0,0,0,low,41.6,9.16,Yes,0.00
170,12-Jun-2024 09:57 am,78.74,22.00,39.74,40.55,79.61,11.80,11.80,70.70,65,7.22,208.00,28.00,220608001,77.43,22.79,53.89,-5,-5,-5,1,1,0,5.96,11.39,13.40,0,0,0,low,41.6,9.17,Yes,0.00
170,11-Jun-2024 09:59 am,76.87,17.00,40.72,41.81,83.14,11.80,11.80,70.50,63,5.63,209.00,27.00,220608001,147.08,20.19,47.76,-5,-5,-5,1,1,0,11.31,10.10,11.88,0,0,0,low,40.32,9.17,Yes,0.00
170,10-Jun-2024 10:01 am,75.86,24.00,39.65,38.60,76.04,11.70,11.70,70.30,63,2.72,204.00,29.00,220608001,147.08,20.19,47.76,-5,-5,-5,1,1,0,11.31,10.10,11.88,0,0,0,low,40.32,9.17,Yes,0.00
170,09-Jun-2024 10:05 am,82.57,24.00,38.91,38.58,78.92,11.70,11.70,69.80,63,2.53,97.00,29.00,220608001,147.08,20.19,47.76,-5,-5,-5,1,1,0,11.31,10.10,11.88,0,0,0,low,40.32,9.12,Yes,0.00
170,08-Jun-2024 11:25 am,88.06,19.00,36.13,39.12,68.29,11.70,11.70,69.80,63,1.83,236.00,29.00,220608001,147.08,20.19,47.76,-5,-5,-5,1,1,0,11.31,10.10,11.88,0,0,0,low,40.32,9.16,Yes,0.00
170,07-Jun-2024 10:31 am,82.13,17.00,38.87,41.26,78.22,11.90,11.90,69.90,63,5.27,213.00,29.00,220608001,147.08,20.19,47.76,-5,-5,-5,1,1,0,11.31,10.10,11.88,0,0,0,low,40.32,9.21,Yes,0.00
170,06-Jun-2024 10:39 am,86.04,35.00,39.14,38.47,84.09,11.90,11.90,69.80,63,3.56,190.00,30.00,220608001,147.08,20.19,47.76,-5,-5,-5,1,1,0,11.31,10.10,11.88,0,0,0,low,40.32,9.21,Yes,0.00
170,05-Jun-2024 10:12 am,89.24,36.00,36.63,36.99,72.16,11.80,11.80,69.60,63,7.45,200.00,28.00,220608001,147.08,20.19,47.76,-5,-5,-5,1,1,0,11.31,10.10,11.88,0,0,0,low,40.32,9.20,Yes,0.00
170,04-Jun-2024 10:04 am,77.85,20.00,39.59,39.89,77.80,11.80,11.80,69.40,63,10.08,210.00,28.00,220608001,147.08,20.19,47.76,-5,-5,-5,1,1,0,11.31,10.10,11.88,0,0,0,low,40.32,9.20,Yes,0.00
170,03-Jun-2024 10:08 am,75.70,22.00,40.32,40.61,79.54,11.80,11.80,69.20,63,6.76,235.00,26.00,220608001,147.08,20.19,47.76,-5,-5,-5,1,1,0,11.31,10.10,11.88,0,0,0,low,40.32,9.21,Yes,0.00
170,02-Jun-2024 10:12 am,76.72,33.00,40.78,38.96,83.31,11.80,11.80,69.00,63,5.98,215.00,28.00,220608001,147.08,20.19,47.76,-5,-5,-5,1,1,0,11.31,10.10,11.88,0,0,0,low,40.32,9.21,Yes,0.00
170,01-Jun-2024 10:07 am,79.39,26.00,38.93,37.34,75.74,11.80,11.80,68.60,63,5.97,199.00,28.00,220608001,147.08,20.19,47.76,-5,-5,-5,1,1,0,11.31,10.10,11.88,0,0,0,low,40.32,9.21,Yes,0.00
170,31-May-2024 12:16 pm,68.78,15.00,44.94,44.15,97.51,11.90,11.90,68.70,63,7.21,216.00,29.00,220608001,147.08,20.19,47.76,-5,-5,-5,1,1,0,11.31,10.10,11.88,0,0,0,low,40.32,9.21,Yes,0.00
170,31-May-2024 08:13 am,80.24,44.00,36.60,33.97,64.28,11.70,11.70,68.40,63,9.32,217.00,27.00,220608001,147.08,20.19,47.76,-5,-5,-5,1,1,0,11.31,10.10,11.88,0,0,0,low,40.32,9.20,Yes,0.00
170,30-May-2024 09:57 am,71.67,13.00,40.90,41.70,78.25,11.70,11.70,68.20,63,4.75,213.00,28.00,220608001,147.08,20.19,47.76,-5,-5,-5,1,1,0,11.31,10.10,11.88,0,0,0,low,40.32,9.21,Yes,0.00
170,29-May-2024 09:54 am,61.23,5.00,43.45,44.71,79.36,11.90,11.90,68.00,63,5.73,18.00,28.00,220608001,147.08,20.19,47.76,-5,-5,-5,1,1,0,11.31,10.10,11.88,0,0,0,low,40.32,9.22,Yes,0.00
170,28-May-2024 10:08 am,59.12,5.00,45.63,46.61,87.68,11.80,11.80,67.50,63,7.22,288.00,29.00,220608001,147.08,20.19,47.76,-5,-5,-5,1,1,0,11.31,10.10,11.88,0,0,0,low,40.32,9.22,Yes,0.00
170,27-May-2024 10:04 am,54.76,5.00,46.55,46.91,86.33,11.90,11.90,67.40,63,6.75,335.00,29.00,220608001,147.08,20.19,47.76,-5,-5,-5,1,1,0,11.31,10.10,11.88,0,0,0,low,40.32,9.22,Yes,0.00
170,26-May-2024 10:24 am,58.00,6.00,46.08,47.28,88.46,11.90,11.90,67.30,63,4.98,320.00,29.00,220608001,147.08,20.19,47.76,-5,-5,-5,1,1,0,11.31,10.10,11.88,0,0,0,low,40.32,9.22,Yes,0.00
170,25-May-2024 10:24 am,66.81,13.00,39.87,44.37,68.19,11.80,11.80,67.00,63,2.49,259.00,29.00,220608001,147.08,20.19,47.76,-5,-5,-5,1,1,0,11.31,10.10,11.88,0,0,0,low,40.32,9.21,Yes,0.00
170,24-May-2024 10:14 am,59.46,7.00,45.57,44.78,87.83,11.70,11.70,66.50,63,3.19,116.00,28.00,220608001,147.08,20.19,47.76,-5,-5,-5,1,1,0,11.31,10.10,11.88,0,0,0,low,40.32,9.22,Yes,0.00
170,23-May-2024 10:08 am,52.11,7.00,46.37,43.70,81.91,11.90,11.90,66.40,63,2.84,169.00,29.00,220608001,147.08,20.19,47.76,-5,-5,-5,1,1,0,11.31,10.10,11.88,0,0,0,low,40.32,9.22,Yes,0.00
170,22-May-2024 10:08 am,54.27,7.00,46.02,43.37,83.11,12.00,12.00,66.00,63,1.73,269.00,25.00,220608001,147.08,20.19,47.76,-5,-5,-5,1,1,0,11.31,10.10,11.88,0,0,0,low,40.32,9.21,Yes,0.00
170,21-May-2024 10:15 am,59.38,12.00,42.35,41.56,72.11,11.90,11.90,65.70,63,1.40,99.00,29.00,220608001,147.08,20.19,47.76,-5,-5,-5,1,1,0,11.31,10.10,11.88,0,0,0,low,40.32,9.21,Yes,0.00
170,20-May-2024 10:10 am,58.05,18.00,41.92,40.24,68.86,11.90,11.90,64.70,63,4.68,213.00,30.00,220608001,147.08,20.19,47.76,-5,-5,-5,1,1,0,11.31,10.10,11.88,0,0,0,low,40.32,9.21,Yes,0.00
170,19-May-2024 10:14 am,55.56,11.00,41.56,42.70,64.98,11.90,11.90,63.80,63,5.06,238.00,29.00,220608001,147.08,20.19,47.76,-5,-5,-5,1,1,0,11.31,10.10,11.88,0,0,0,low,40.32,9.21,Yes,0.00
170,18-May-2024 10:08 am,57.34,11.00,40.90,43.17,63.95,11.90,11.90,63.50,63,6.74,273.00,28.00,220608001,147.08,20.19,47.76,-5,-5,-5,1,1,0,11.31,10.10,11.88,0,0,0,low,40.32,9.21,Yes,0.00
170,17-May-2024 10:05 am,48.58,10.00,43.65,43.14,66.45,11.90,11.90,63.30,63,3.79,261.00,30.00,220608001,147.08,20.19,47.76,-5,-5,-5,1,1,0,11.31,10.10,11.88,0,0,0,low,40.32,9.22,Yes,0.00
170,16-May-2024 10:09 am,51.05,9.00,42.25,42.99,63.52,12.00,12.00,63.10,63,6.95,229.00,30.00,220608001,147.08,20.19,47.76,-5,-5,-5,1,1,0,11.31,10.10,11.88,0,0,0,low,40.32,9.21,Yes,0.00
170,15-May-2024 10:18 am,53.06,11.00,41.58,42.54,62.80,12.10,12.10,62.80,63,5.99,232.00,28.00,220608001,147.08,20.19,47.76,-5,-5,-5,1,1,0,11.31,10.10,11.88,0,0,0,low,40.32,9.21,Yes,0.00
170,14-May-2024 10:20 am,49.12,12.00,40.31,39.89,55.14,12.20,12.20,61.30,63,3.06,264.00,29.00,220608001,147.08,20.19,47.76,-5,-5,-5,1,1,0,11.31,10.10,11.88,0,0,0,low,40.32,9.21,Yes,0.00
170,13-May-2024 10:13 am,54.17,19.00,37.97,37.96,51.01,12.20,12.20,60.30,63,2.92,226.00,28.00,220608001,147.08,20.19,47.76,-5,-5,-5,1,1,0,11.31,10.10,11.88,0,0,0,low,40.32,9.21,Yes,0.00
170,12-May-2024 10:07 am,52.43,16.00,39.41,38.80,54.55,12.20,12.20,59.20,63,4.99,217.00,30.00,220608001,147.08,20.19,47.76,-5,-5,-5,1,1,0,11.31,10.10,11.88,0,0,0,low,40.32,9.21,Yes,0.00
170,11-May-2024 10:32 am,54.32,19.00,37.17,39.09,48.60,12.30,12.30,57.00,63,4.62,194.00,29.00,220608001,147.08,20.19,47.76,-5,-5,-5,1,1,0,11.31,10.10,11.88,0,0,0,low,40.32,9.21,Yes,0.00
170,10-May-2024 10:14 am,37.96,11.00,44.16,42.84,58.36,12.30,12.30,55.80,63,7.09,245.00,29.00,220608001,147.08,20.19,47.76,-5,-5,-5,1,1,0,11.31,10.10,11.88,0,0,0,low,40.32,9.21,Yes,0.00
170,09-May-2024 10:10 am,37.08,10.00,42.58,43.42,53.18,12.40,12.40,50.40,65,6.36,254.00,30.00,220608001,77.43,22.79,53.89,-5,-5,-5,1,1,0,5.96,11.39,13.40,0,0,0,low,41.6,9.21,Yes,0.00
170,08-May-2024 10:10 am,31.34,9.00,45.03,41.91,55.28,12.70,12.70,44.30,65,2.53,256.00,29.00,220608001,77.43,22.79,53.89,-5,-5,-5,1,1,0,5.96,11.39,13.40,0,0,0,low,41.6,9.22,Yes,0.00
170,07-May-2024 10:08 am,34.59,9.00,43.41,40.10,53.58,12.70,12.70,42.90,67,3.53,264.00,29.00,220608001,149.86,19.43,45.95,-5,-5,-5,1,1,0,11.53,9.72,11.43,0,0,0,low,42.88,9.22,Yes,0.00
170,06-May-2024 10:21 am,38.09,14.00,40.65,39.30,48.79,12.80,12.80,41.60,69,2.70,276.00,29.00,220608001,153.14,29.43,69.58,-5,-5,-5,1,1,0,11.78,14.71,17.31,0,0,0,low,44.16,9.21,Yes,0.00
170,05-May-2024 10:17 am,37.76,18.00,37.53,35.75,41.43,12.90,12.90,40.60,69,1.91,138.00,29.00,220608001,153.14,29.43,69.58,-5,-5,-5,1,1,0,11.78,14.71,17.31,0,0,0,low,44.16,9.21,Yes,0.00
170,04-May-2024 11:55 am,36.65,14.00,36.99,38.76,39.91,12.90,12.90,40.70,69,3.21,28.00,28.00,220608001,153.14,29.43,69.58,-5,-5,-5,1,1,0,11.78,14.71,17.31,0,0,0,low,44.16,9.20,Yes,0.00
170,03-May-2024 11:52 am,24.53,5.00,40.55,40.22,41.83,12.70,12.70,39.60,69,3.05,198.00,30.00,220608001,153.14,29.43,69.58,-5,-5,-5,1,1,0,11.78,14.71,17.31,0,0,0,low,44.16,9.20,Yes,0.00
170,02-May-2024 10:35 am,20.42,8.00,36.83,35.23,35.26,12.90,12.90,39.10,69,2.25,193.00,29.00,220608001,153.14,29.43,69.58,-5,-5,-5,1,1,0,11.78,14.71,17.31,0,0,0,low,44.16,9.20,Yes,0.00
170,01-May-2024 10:30 am,26.46,9.00,34.03,32.47,32.76,12.70,12.70,38.10,69,2.25,296.00,30.00,220608001,153.14,29.43,69.58,-5,-5,-5,1,1,0,11.78,14.71,17.31,0,0,0,low,44.16,9.20,Yes,0.00