timestamp,plot_id,soil_moisture_pct,soil_temp_c,air_temp_c,air_humidity_pct,rainfall_mm_24h,days_since_planting,crop_growth_stage,water_applied_l,irrigated_next_flag
2024-05-01 10:30:00,device_170,12.7,38.1,34.03,26.46,,0,establishment,0.0,False
2024-05-02 10:35:00,device_170,12.9,39.1,36.83,20.42,,1,establishment,0.0,False
2024-05-03 11:52:00,device_170,12.7,39.6,40.55,24.53,,2,establishment,0.0,False
2024-05-04 11:55:00,device_170,12.9,40.7,36.99,36.65,,3,establishment,0.0,False
2024-05-05 10:17:00,device_170,12.9,40.6,37.53,37.76,,3,establishment,0.0,False
2024-05-06 10:21:00,device_170,12.8,41.6,40.65,38.09,,4,establishment,0.0,False
2024-05-07 10:08:00,device_170,12.7,42.9,43.41,34.59,,5,establishment,0.0,False
2024-05-08 10:10:00,device_170,12.7,44.3,45.03,31.34,,6,establishment,0.0,False
2024-05-09 10:10:00,device_170,12.4,50.4,42.58,37.08,,7,establishment,0.0,False
2024-05-10 10:14:00,device_170,12.3,55.8,44.16,37.96,,8,establishment,0.0,False
2024-05-11 10:32:00,device_170,12.3,57.0,37.17,54.32,,10,establishment,0.0,False
2024-05-12 10:07:00,device_170,12.2,59.2,39.41,52.43,,10,establishment,0.0,False
2024-05-13 10:13:00,device_170,12.2,60.3,37.97,54.17,,11,establishment,0.0,False
2024-05-14 10:20:00,device_170,12.2,61.3,40.31,49.12,,12,establishment,0.0,False
2024-05-15 10:18:00,device_170,12.1,62.8,41.58,53.06,,13,establishment,0.0,False
2024-05-16 10:09:00,device_170,12.0,63.1,42.25,51.05,,14,establishment,0.0,False
2024-05-17 10:05:00,device_170,11.9,63.3,43.65,48.58,,15,vegetative,0.0,False
2024-05-18 10:08:00,device_170,11.9,63.5,40.9,57.34,,16,vegetative,0.0,False
2024-05-19 10:14:00,device_170,11.9,63.8,41.56,55.56,,17,vegetative,0.0,False
2024-05-20 10:10:00,device_170,11.9,64.7,41.92,58.05,,18,vegetative,0.0,False
2024-05-21 10:15:00,device_170,11.9,65.7,42.35,59.38,,19,vegetative,0.0,False
2024-05-22 10:08:00,device_170,12.0,66.0,46.02,54.27,,20,vegetative,0.0,False
2024-05-23 10:08:00,device_170,11.9,66.4,46.37,52.11,,21,vegetative,0.0,False
2024-05-24 10:14:00,device_170,11.7,66.5,45.57,59.46,,22,vegetative,0.0,False
2024-05-25 10:24:00,device_170,11.8,67.0,39.87,66.81,,23,vegetative,0.0,False
2024-05-26 10:24:00,device_170,11.9,67.3,46.08,58.0,,24,vegetative,0.0,False
2024-05-27 10:04:00,device_170,11.9,67.4,46.55,54.76,,25,vegetative,0.0,False
2024-05-28 10:08:00,device_170,11.8,67.5,45.63,59.12,,26,vegetative,0.0,False
2024-05-29 09:54:00,device_170,11.9,68.0,43.45,61.23,,27,vegetative,0.0,False
2024-05-30 09:57:00,device_170,11.7,68.2,40.9,71.67,,28,vegetative,0.0,False
2024-05-31 08:13:00,device_170,11.7,68.4,36.6,80.24,,29,vegetative,0.0,False
2024-05-31 12:16:00,device_170,11.9,68.7,44.94,68.78,,30,vegetative,0.0,False
2024-06-01 10:07:00,device_170,11.8,68.6,38.93,79.39,,30,vegetative,0.0,False
2024-06-02 10:12:00,device_170,11.8,69.0,40.78,76.72,,31,vegetative,0.0,False
2024-06-03 10:08:00,device_170,11.8,69.2,40.32,75.7,,32,vegetative,0.0,False
2024-06-04 10:04:00,device_170,11.8,69.4,39.59,77.85,,33,vegetative,0.0,False
2024-06-05 10:12:00,device_170,11.8,69.6,36.63,89.24,,34,vegetative,0.0,False
2024-06-06 10:39:00,device_170,11.9,69.8,39.14,86.04,,36,vegetative,0.0,False
2024-06-07 10:31:00,device_170,11.9,69.9,38.87,82.13,,37,vegetative,0.0,False
2024-06-08 11:25:00,device_170,11.7,69.8,36.13,88.06,,38,vegetative,0.0,False
2024-06-09 10:05:00,device_170,11.7,69.8,38.91,82.57,,38,vegetative,0.0,False
2024-06-10 10:01:00,device_170,11.7,70.3,39.65,75.86,,39,vegetative,0.0,False
2024-06-11 09:59:00,device_170,11.8,70.5,40.72,76.87,,40,vegetative,0.0,False
2024-06-12 09:57:00,device_170,11.8,70.7,39.74,78.74,,41,vegetative,0.0,False
2024-06-13 09:57:00,device_170,11.8,70.9,37.71,82.78,,42,vegetative,0.0,False
2024-06-14 09:58:00,device_170,11.8,71.0,36.84,85.95,,43,vegetative,0.0,False
2024-06-15 10:01:00,device_170,11.7,71.1,37.3,86.49,,44,vegetative,0.0,False
2024-06-16 09:58:00,device_170,11.6,71.1,39.0,81.84,,45,flowering,0.0,False
2024-06-17 10:01:00,device_170,11.7,71.2,39.43,77.02,,46,flowering,0.0,False
2024-06-18 09:59:00,device_170,11.7,71.3,37.57,79.9,,47,flowering,0.0,False
2024-06-19 10:03:00,device_170,11.6,71.4,37.12,84.22,,48,flowering,0.0,False
2024-06-20 10:17:00,device_170,11.7,71.6,38.05,83.23,,49,flowering,0.0,False
2024-06-22 10:19:00,device_170,11.5,71.1,39.52,78.39,,51,flowering,0.0,False
2024-06-23 10:13:00,device_170,11.5,71.5,41.51,74.22,,52,flowering,0.0,False
2024-06-24 10:02:00,device_170,11.5,71.6,40.73,74.03,,53,flowering,0.0,False
2024-06-25 10:03:00,device_170,11.5,71.7,43.06,75.22,,54,flowering,0.0,False
2024-06-26 07:39:00,device_170,11.3,71.8,39.22,74.95,,55,flowering,0.0,False
2024-06-26 11:42:00,device_170,11.6,71.9,43.3,72.68,,56,flowering,0.0,False
2024-06-27 10:30:00,device_170,11.4,71.9,41.51,73.54,,57,flowering,0.0,False
2024-06-28 10:24:00,device_170,11.3,71.9,39.01,76.41,,57,flowering,0.0,False
2024-06-29 10:13:00,device_170,11.2,71.9,38.59,78.25,,58,flowering,0.0,False
2024-06-30 10:12:00,device_170,11.2,71.9,38.15,80.27,,59,flowering,0.0,False
2024-07-01 10:20:00,device_170,11.2,72.0,38.79,77.14,,60,flowering,0.0,False
2024-07-02 10:09:00,device_170,11.1,72.1,39.63,74.05,,61,flowering,0.0,False
2024-07-03 10:16:00,device_170,11.0,72.1,37.97,77.57,,62,flowering,0.0,False
2024-07-04 10:38:00,device_170,10.9,72.2,39.5,76.35,,64,flowering,0.0,False
2024-07-05 10:58:00,device_170,10.9,72.2,38.66,76.03,,65,flowering,0.0,False
2024-07-06 11:01:00,device_170,10.8,72.1,37.95,80.83,,66,flowering,0.0,False
2024-07-07 11:43:00,device_170,10.8,72.0,36.87,82.68,,67,flowering,0.0,False
2024-07-09 10:12:00,device_170,10.9,72.0,40.27,75.16,,68,flowering,0.0,False
2024-07-10 10:15:00,device_170,10.9,72.1,40.49,74.54,,69,flowering,0.0,False
2024-07-11 10:23:00,device_170,10.9,72.3,39.35,71.66,,70,maturity,0.0,False
2024-07-12 10:22:00,device_170,11.0,72.2,38.15,77.66,,71,maturity,0.0,False
2024-07-13 11:24:00,device_170,11.0,72.1,36.77,82.99,,73,maturity,0.0,False
2024-07-14 10:34:00,device_170,11.0,72.1,39.46,78.58,,74,maturity,0.0,False
2024-07-15 10:21:00,device_170,11.0,72.2,40.05,73.19,,74,maturity,0.0,False
2024-07-16 10:19:00,device_170,11.0,72.3,40.55,71.33,,75,maturity,0.0,False
2024-07-17 10:20:00,device_170,11.0,72.2,42.17,68.95,,76,maturity,0.0,False
2024-07-18 10:11:00,device_170,11.0,72.4,39.39,71.11,,77,maturity,0.0,False
2024-07-19 11:58:00,device_170,11.0,72.4,41.31,64.39,,79,maturity,0.0,False
2024-07-20 10:21:00,device_170,11.0,72.3,42.17,70.4,,79,maturity,0.0,False
2024-07-21 10:30:00,device_170,11.0,72.2,39.07,75.33,,81,maturity,0.0,False
2024-07-22 10:39:00,device_170,11.0,72.2,39.84,72.87,,82,maturity,0.0,False
2024-07-23 10:28:00,device_170,11.0,72.2,38.69,75.92,,82,maturity,0.0,False
2024-07-24 10:24:00,device_170,11.1,72.2,40.65,70.36,,83,maturity,0.0,False
2024-07-25 10:56:00,device_170,11.2,72.2,38.94,70.67,,85,maturity,0.0,False
2024-07-26 10:24:00,device_170,11.2,72.2,39.49,72.62,,85,maturity,0.0,False
2024-07-27 10:26:00,device_170,11.2,72.3,38.33,74.44,,86,maturity,0.0,False
2024-07-28 10:45:00,device_170,11.2,72.2,38.53,75.54,,88,maturity,0.0,False
2024-07-29 10:33:00,device_170,11.3,72.3,42.16,71.73,,89,maturity,0.0,False
2024-07-30 10:24:00,device_170,11.2,72.0,37.97,82.2,,89,maturity,0.0,False
2024-07-31 10:21:00,device_170,11.3,72.0,37.7,81.06,,90,maturity,0.0,False
2024-08-02 12:48:00,device_170,11.4,71.9,36.12,81.87,,93,maturity,0.0,False
2024-08-07 10:25:00,device_170,26.5,71.6,33.93,83.12,,97,maturity,0.0,False
2024-08-07 11:07:00,device_170,26.4,71.6,35.07,81.06,,98,maturity,0.0,False
2024-08-08 10:26:00,device_170,26.0,71.6,35.16,79.09,,98,maturity,0.0,False
2024-08-09 09:44:00,device_170,22.8,71.7,34.15,82.87,,99,maturity,0.0,False
2024-08-10 10:24:00,device_170,25.2,71.7,35.19,82.46,,100,maturity,0.0,False
2024-08-11 10:24:00,device_170,21.3,71.7,35.05,78.83,,101,maturity,0.0,False
2024-08-12 10:28:00,device_170,18.2,71.7,36.08,77.86,,102,maturity,0.0,False
2024-08-13 10:28:00,device_170,17.2,71.7,36.83,78.68,,103,maturity,0.0,False
2024-08-15 10:26:00,device_170,16.2,71.7,36.7,74.64,,105,maturity,0.0,False
2024-08-20 10:39:00,device_170,29.5,71.3,35.74,78.65,,111,maturity,0.0,False
2024-08-23 16:36:00,device_170,31.94,-5.0,39.36,53.92,,114,maturity,0.0,False
2024-08-28 11:21:00,device_170,-1.0,-1.0,30.29,87.58,,119,maturity,0.0,False
2024-09-12 10:09:00,device_170,-1.0,-1.0,35.5,68.26,,133,maturity,0.0,False
2024-09-13 07:49:00,device_170,-1.0,-1.0,29.19,83.61,,134,maturity,0.0,False
2024-09-13 08:05:00,device_170,-1.0,-1.0,29.73,81.75,,134,maturity,0.0,False
2024-09-13 08:09:00,device_170,-1.0,-1.0,29.76,81.31,,134,maturity,0.0,False
2024-09-19 09:33:00,device_170,17.5,71.1,36.29,65.97,,140,maturity,0.0,False
2024-10-08 09:17:00,device_170,-1.0,-1.0,32.99,66.79,,159,maturity,0.0,False
2024-10-15 08:09:00,device_170,-1.0,-1.0,31.01,73.16,,166,maturity,0.0,False
2024-11-21 15:32:00,device_170,28.2,71.2,29.51,50.06,,204,maturity,0.0,False
2023-05-05 00:00:00,ndvi_daily,23.62,,28.7,,0.0,0,establishment,0.0,False
2023-05-10 00:00:00,ndvi_daily,24.39,,30.4,,0.0,5,establishment,0.0,False
2023-05-16 00:00:00,ndvi_daily,22.1,,32.5,,0.0,11,establishment,0.0,False
2023-05-21 00:00:00,ndvi_daily,21.93,,35.0,,0.0,16,vegetative,0.0,False
2023-05-27 00:00:00,ndvi_daily,29.29,,32.9,,0.0,22,vegetative,0.0,False
2023-06-04 00:00:00,ndvi_daily,34.06,,30.5,,0.1,30,vegetative,0.0,False
2023-06-11 00:00:00,ndvi_daily,29.23,,35.1,,0.0,37,vegetative,0.0,False
2023-06-18 00:00:00,ndvi_daily,24.64,,35.1,,0.0,44,vegetative,0.0,False
2023-06-26 00:00:00,ndvi_daily,21.18,,36.2,,0.2,52,flowering,0.0,False
2023-07-01 00:00:00,ndvi_daily,20.66,,34.3,,13.0,57,flowering,0.0,False
2023-07-08 00:00:00,ndvi_daily,20.34,,30.8,,5.4,64,flowering,0.0,False
2023-07-16 00:00:00,ndvi_daily,20.15,,35.5,,0.0,72,maturity,0.0,False
2023-07-23 00:00:00,ndvi_daily,26.23,,31.0,,26.0,79,maturity,0.0,False
2023-08-03 00:00:00,ndvi_daily,27.51,,32.0,,0.0,90,maturity,0.0,False
2023-08-07 00:00:00,ndvi_daily,22.36,,32.1,,0.0,94,maturity,0.0,False
2023-08-12 00:00:00,ndvi_daily,21.07,,33.5,,0.0,99,maturity,0.0,False
2023-08-17 00:00:00,ndvi_daily,22.23,,32.6,,0.0,104,maturity,0.0,False
2023-08-22 00:00:00,ndvi_daily,21.02,,34.6,,0.0,109,maturity,0.0,False
2023-08-29 00:00:00,ndvi_daily,22.72,,30.5,,0.0,116,maturity,0.0,False
2023-09-05 00:00:00,ndvi_daily,20.32,,32.4,,0.0,123,maturity,0.0,False
2023-09-10 00:00:00,ndvi_daily,19.21,,35.0,,0.0,128,maturity,0.0,False
2023-09-15 00:00:00,ndvi_daily,22.55,,34.6,,0.0,133,maturity,0.0,False
2023-09-20 00:00:00,ndvi_daily,20.14,,31.3,,2.3,138,maturity,0.0,False
2023-09-30 00:00:00,ndvi_daily,21.27,,28.5,,0.0,148,maturity,0.0,False
2023-10-10 00:00:00,ndvi_daily,18.81,,28.4,,0.0,158,maturity,0.0,False
2023-10-15 00:00:00,ndvi_daily,18.07,,27.8,,0.3,163,maturity,0.0,False
2023-10-20 00:00:00,ndvi_daily,19.0,,26.8,,0.1,168,maturity,0.0,False
2023-10-25 00:00:00,ndvi_daily,17.58,,25.6,,0.0,173,maturity,0.0,False
2023-10-30 00:00:00,ndvi_daily,19.64,,26.4,,0.0,178,maturity,0.0,False
